{"version":12,"hash":{"type":"Buffer","data":"rXb9dD5w3xgRnXFHu32H0cO9S9Bt1FXYw8lLZr2pA4nVpsPTOPn72p8I+s2kfIm1H5Z7kpF+mLNnta8hVBsfLvakXoGMT6RlOXb4ZG9xQsGYRNxtULleIKrI7AnvjfcDTuCW6qOrJ6xOEirVMhS/f0B2cqinta6MkXkXsxcd8xE="},"indexValueMap":{"DjcVLOVv5/mTV32JKu5A3v/c3hQ4iPwJrZ2716WjIY0=":{"valueMac":{"type":"Buffer","data":"VaElLAlFFcbMIjCMH8FU/IUVNxtNx1TDXsVFhREGxPo="}},"GDeqMQEq2Kgv3MhvX9vw8iytBHk1XL8ljqDsJf1hzeg=":{"valueMac":{"type":"Buffer","data":"o2/c6E0jOt6XM3Q6AwdEsJNAJYOAebFwuRUtNq0uBXM="}},"H2Gik7frSh3cNrGK1C9VvDdZWkeHHsqBeM1aZgri1yk=":{"valueMac":{"type":"Buffer","data":"+IdQQOUJraPMOu3736zVol1eTvOHQgXopunIfT1wWwI="}},"H+hczI8gCFpPuDhLVGx7vcSzdeu35AkZEZ8rKOFOdfA=":{"valueMac":{"type":"Buffer","data":"v9A7oApr4oV51ed77f9dk+5rXhvPNvBUoQkkLQBIwEo="}},"IGzBk9Ma17lfC1C87807jtmbV/xCYx7gcE8m59p/MQo=":{"valueMac":{"type":"Buffer","data":"aJHGyuLUtZPbnRbcNcbatQgIyzhD994MTHZH541+fDU="}},"LBqfZ/u21k8qQQbFnnT8Ay5V5G/xQcq1kk/7xdkV9hg=":{"valueMac":{"type":"Buffer","data":"7dA9FEA3vFNQ+IMWu9UMY/kx/tn9lD5XmO2H3mOn6Sg="}},"R9bY9BR47x6EICM6o1vBwkEEyHsA9dAvNhoLd36MvPU=":{"valueMac":{"type":"Buffer","data":"WodYsFcXW0oGbFCF47xgZ9XlR7YWpBMacwUG/g0OBSw="}},"ZE+uUrBf/AvLYzfWWwTtO256N/WwV1CtzxL6enmLCuE=":{"valueMac":{"type":"Buffer","data":"+G6TfH+AiYJhBtGTQBuathRwWAb3A/3bqPqUCvKosjo="}},"aL43GUETu5yQ1T5LUTs6VU/j0+g3LuTrOtQpr5f/TwY=":{"valueMac":{"type":"Buffer","data":"1OlnL3qnq560FCPM8EOSIh0jpBnZn9JMDEXkjJUP+MU="}},"bDPQdMNFKRwquqhOXhSav3+oTA3LtpKG7KWinFXdZCg=":{"valueMac":{"type":"Buffer","data":"r1uXQ59XM2GoWDsEShEcrj0cgOD995ZXkne5dVl4nLo="}},"ezLLBZfzNQuiTqNqFMLxNot1u50T4NBxgIYyv/AL0D8=":{"valueMac":{"type":"Buffer","data":"ojRlwMYvh3HgfUxT0ET6yYlDD2xzCL7cL4gZWxi1SYU="}},"fHyDJzaeKaqxDEecYKwrydAz+2A0WXcu+ERJ6rswniU=":{"valueMac":{"type":"Buffer","data":"6m473jR0fwiZ/DJih8+oQQrez7rHFateZCm/vBRdAMw="}},"hlZm7daoZ09kNcyQzj67IQBbrNnqXdl13I9VvdXc3Yk=":{"valueMac":{"type":"Buffer","data":"bKBLefpz2oLDWcIEdQV0lMAWM6ItbsDzr8hGik2eYJU="}},"nsFZnBfPLt8yKCLrgCv//IchdgwiYsPlwc3GpQj7Frg=":{"valueMac":{"type":"Buffer","data":"x4xTnq/TXi48MSIRLAa8/Q+pmLALT22wlwuglngVCyo="}},"o93qbBDNfj43Q6ng+EZOrwNeWPxMIUoP9WOVhrepANw=":{"valueMac":{"type":"Buffer","data":"ErPB6KS1Kr+bgEW1LKdP/hhLzgskwxceFiZ8ynsIl8Y="}},"rVjkIjDU6VG/YryBcWWdHPG5nvX60pNY+y6X4U59WKA=":{"valueMac":{"type":"Buffer","data":"ZiDnqx/Ar6fM8yXkiIyBEBEcCnIcKndvZfvgKtLQki8="}},"swQaTHpobI938Y1ikWh5l2CwUVmZjEv0TC3hD0EDsL8=":{"valueMac":{"type":"Buffer","data":"Cek8q64i26+pHUXM+LVJYhftMyhfTSWfiK4U+EbcThU="}},"s3Jy4XjpajwNGup9DakeCxMNndH7mLeWDRfBQN5hyjs=":{"valueMac":{"type":"Buffer","data":"ZDtiP7ZiodSqHhdWx4hjV5yNcWwYXQJL5yfYn8+stw4="}},"5LpIyfy+SxvLYx+YiaNav7LiylLa4q3JZBiV5VeF+Vw=":{"valueMac":{"type":"Buffer","data":"DWh8qo4fcROuDRHw4kiLQ88FnnX0QyW9G8v5q34WNVQ="}},"JRBMIvDypDzLPVanZ/oWtYjdJzvt/wRMNei4MaegZCc=":{"valueMac":{"type":"Buffer","data":"8Pl824NOZK86rVZBpdzWPeEZ15b0T5r3FF8vNskbwgc="}},"vw1sL5kjXRVvItI0MRlLZ9bCP0AkKzxPSgt7I5MghAA=":{"valueMac":{"type":"Buffer","data":"3q8vBbUZ0gM5q0zhwflaiuUSbmjwND2L64pUc1ZDcFg="}},"WFBnqBVHp1ILUrxG+QZxsV41rvuionMP6uV1MWiiZNw=":{"valueMac":{"type":"Buffer","data":"MR3MNF11MLodvTPlQjQgyMXZDTArVfY8qfRcnMUtIZ4="}}}}