{"version":8,"hash":{"type":"Buffer","data":"77X69NFrvd9p87sSHINP0cDJQ6t2qYWe5AbtJ+C1glF1nPuBUX8nMVPbNkIr9l+Hb9Y8omMFyxdoFQ5IC2OybNW0cnYdZgI/ujq7xbw2Ms9h/VEfmd9up9ijl3668CmSQmb7EI4iJSwHorSzdr2TkGNacEaPYsSTa+NKDJNpnMA="},"indexValueMap":{"BQhejEioHIOQXLjvzjKqYJ1x1NHlrdT1JSP4qa8G62k=":{"valueMac":{"type":"Buffer","data":"YolbDd6eWPm5smPl7ZXKvrCrIhmjlVgmDGIMVDRIsY4="}},"IQdjYrEMAm23x8VmiOg131jYAvCqqmkHdxKRGOogr/c=":{"valueMac":{"type":"Buffer","data":"/yztjmD7gx1P/NzjiE2PXlofhCL1Xwd+zDlT2A4rlWY="}},"IpkFsUBWWDVHj/jNhSHRmASEbcNv8nBa/jI04h/n8rE=":{"valueMac":{"type":"Buffer","data":"759ihceikZTqJNEWYTNA6b3A5khkFmzwyoZBn5ITRho="}},"O2SoQJDU3TLANu6AU7CAjH91WpfYI8N9NdYzH2NZ/lE=":{"valueMac":{"type":"Buffer","data":"hQtOO72hvv6IJeYHhDpqc5wBfxXikAm6jT/8e2GAoaw="}},"TRfUji94Qf77ehQH5sLTMfDVPwhSH2sOO3tBoWwlkPQ=":{"valueMac":{"type":"Buffer","data":"SCZh34uB6PQuBh+Dxl84dO3J3nwib6f+iR+GwLqMjak="}},"VGtSNX3aOekuITG0XeiebH3Iz0amG4GttCsAZOctiVw=":{"valueMac":{"type":"Buffer","data":"IVG5V/hu3ldipWDU0yKH60UxRBassfsodgp9K/iylWI="}},"yynbc5+A8MfvI1halJCMa4B5zHTSHJiCCFLdm/U+zvg=":{"valueMac":{"type":"Buffer","data":"uGLj9oF+rgQPuBraytkswofGvzOwpSQQlA6gE5bhYW4="}},"3WYIiJc1QfRaUnol9kPU6AgWCycZH+pexfKTqvALSyw=":{"valueMac":{"type":"Buffer","data":"IBJ8uPCh+b2oxXfPYI/523ZANfsAySqmtq9aEfavLtg="}},"8guMt8vDFnt04C1Ehl3x0BHlhVfRM6BmF+HR0qj6pBc=":{"valueMac":{"type":"Buffer","data":"5nhMefnd7Xi5M6fnTdDy9s8i6Jay5xLlO4iw16DqS1g="}}}}