{"version":4,"hash":{"type":"Buffer","data":"EFRkMP3FJ9nzhTKJOAng6gJjbK0zWjMdGKInsFS/OUFh/53oq+ZlsxT4v6nEpHSZurB6dr2+JdhqDnYRGrxBmHZl3Hj/MwQXX6X3VHEV9/7V9LI4i58VrID4vBjU0u3rq6epmzHSarJ0O9OCSaTbAeaLpoLzLcvv+INulUnWhec="},"indexValueMap":{"OXjInWmz/9GPidusEgCR0GLLk509tAAPl2a7FSHQm5Y=":{"valueMac":{"type":"Buffer","data":"tKR4BsgjUGjOlqt6rIPGo4VBpXuPDGIuQK0L9lkdQ+k="}},"hlau33HZrYU6p0qH9nFYfiNz2OgPcR0AlflaTGz8FKk=":{"valueMac":{"type":"Buffer","data":"KlgUzEs/Sl2p83DvwdMFe0KHdwi96U0LdBKQf5wSjNM="}},"2gdGLxFRN0C+phO0n6cHXIHN/tl9EoL3eXd4VAbNmZQ=":{"valueMac":{"type":"Buffer","data":"gXWhKiIRcOI3zyWAY4mJetPST8EuyFEps1il2nsoLXc="}},"5L7+fjuHXCYtErO1xa05UFnHJWq9iYt2oLcFLXqCdBA=":{"valueMac":{"type":"Buffer","data":"b9nxFJ3AY+CZFLN567lHpPUIjALOTj/PzYdSVOWiYZI="}}}}