{"noiseKey":{"private":{"type":"Buffer","data":"gFpiffU56DPrVi6Izh+S6cuFaF8kNYRIOZfoLRP6BVs="},"public":{"type":"Buffer","data":"KIVhPoNVXLCuQiwB9FkSCR9LCAJAYMKk9YlD9IYXRF8="}},"pairingEphemeralKeyPair":{"private":{"type":"Buffer","data":"sJAFEz01SLlGVy0cvd+cfn6UHhrb8AZB0FTik1NC9HI="},"public":{"type":"Buffer","data":"8ppMmUJrHCHOoMT/7AktwZ9cTu1yntOaKU1UZJvnRAU="}},"signedIdentityKey":{"private":{"type":"Buffer","data":"YCFGyLZWOXa6Wi1sFHAJ+VgFmCcbHgQu8/d6u3+AQU8="},"public":{"type":"Buffer","data":"l6raPXYSxtaQcRZYfFHNFW6wEzpczxJB93oLd3J0agA="}},"signedPreKey":{"keyPair":{"private":{"type":"Buffer","data":"CL6hsvAmMBfM04w6o5XGW9htClfREqcyx/LWGgczhmw="},"public":{"type":"Buffer","data":"UGSGtjxpZJDLTTSvwNe3+cQaf4BzWQ3ev/FVbNZEaAg="}},"signature":{"type":"Buffer","data":"BgOJXlNdyyUNdf65UpLXRN+VqS8sytJ+E4sq+citrRb1Kjah/+uowOWqfo2LVU/IJVrRvG0TQGpPVm5hMqHrjQ=="},"keyId":1},"registrationId":17,"advSecretKey":"XZXHI1LZLyBfjqksJE+ZSDkklDLTu3STWr/U0S8l6/M=","processedHistoryMessages":[{"key":{"remoteJid":"212669448046@s.whatsapp.net","fromMe":true,"id":"2BFED8EDABD5EEEE0CB4D0E16EDD6C79"},"messageTimestamp":1709997237},{"key":{"remoteJid":"212669448046@s.whatsapp.net","fromMe":true,"id":"D5088E6DEB59A75271A4F8C0C61FAB00"},"messageTimestamp":1709997237},{"key":{"remoteJid":"212669448046@s.whatsapp.net","fromMe":true,"id":"85E82AA2BB2BB90B5FB18405CD22FB42"},"messageTimestamp":1709997251},{"key":{"remoteJid":"212669448046@s.whatsapp.net","fromMe":true,"id":"99045FE3B32070494E1B76A3AEFCA063"},"messageTimestamp":1709997251},{"key":{"remoteJid":"212669448046@s.whatsapp.net","fromMe":true,"id":"53EA05B96E7268E1133BC2E984ECA391"},"messageTimestamp":1709997332}],"nextPreKeyId":33,"firstUnuploadedPreKeyId":33,"accountSyncCounter":1,"accountSettings":{"unarchiveChats":false},"deviceId":"PZPDybqXTEyb6JpUtKt7iQ","phoneId":"0db8c73e-08ed-4593-835e-ca708155004b","identityId":{"type":"Buffer","data":"IjDiEVHnoSQNE51e+gfcBBQ0pJA="},"registered":false,"backupToken":{"type":"Buffer","data":"a0lkXJrAJH5ZB3mrWgW8k/Pw0uI="},"registration":{},"account":{"details":"CJSyhxEQrfmxrwYYAiAAKAA=","accountSignatureKey":"GFxzhkm8VsNVcqWS8iSyutvCNHqtpmuNl9oGscsvHCk=","accountSignature":"j3O/sFByCAIAaUBxOEQi0U7ppkQOu4my0L3XfF2q5iAiu64dqMweXF8HuoTjdIIMjBz2MJ0dCFVaJrauEdBnDg==","deviceSignature":"OO4iMpG+RIA4Zo9p8KyKua/RRZy7Xnhd5wuhNYHByrsw+QT0TNfmAykebSPPj2ooppmXZPiMlgExRUggWWRFjg=="},"me":{"id":"212669448046:7@s.whatsapp.net","name":"mee6","jid":"212669448046@s.whatsapp.net"},"signalIdentities":[{"identifier":{"name":"212669448046:7@s.whatsapp.net","deviceId":0},"identifierKey":{"type":"Buffer","data":"BRhcc4ZJvFbDVXKlkvIksrrbwjR6raZrjZfaBrHLLxwp"}}],"platform":"smba","lastAccountSyncTimestamp":1709998287,"myAppStateKeyId":"AAAAAAm5"}