[{"senderKeyId":1503269616,"senderChainKey":{"iteration":2,"seed":"39SbSieN+RkGoP4uk/KyGM28L1RP0nLL/5vFT5t8QhE="},"senderSigningKey":{"public":"BUbZrQiYolwgI7K6ERScm14a0XJs5J/2XB3KcmcrgEVD"},"senderMessageKeys":[]},{"senderKeyId":1701814321,"senderChainKey":{"iteration":2,"seed":"dir8wkzyBjOYZnYMGFxqaCrO+b4l4WP+u6A+/JsOV74="},"senderSigningKey":{"public":"BRx4V3d4a5xv6GKCc3q9gIs1Gk9CXm5/9o2YGjOD4RMU"},"senderMessageKeys":[]},{"senderKeyId":1577892888,"senderChainKey":{"iteration":1,"seed":"Bzxl2F2DfB8UWJEQ/8G9w+l1R2t6cVt5cF0dN79RQlA="},"senderSigningKey":{"public":"BRHSBDkCS7s5nUyU615PffrqCmHAEjI4nxwPTqo1MXwV"},"senderMessageKeys":[]},{"senderKeyId":1754122295,"senderChainKey":{"iteration":1,"seed":"/nTEV19yZlcpzLMP3mmKVS86IOHvXZOC1S/7LWbs3CA="},"senderSigningKey":{"public":"BUbnL4Mcx8JXFUlmHrEZnjIS9c0cCrHa7K7XOfMM7AsY"},"senderMessageKeys":[]},{"senderKeyId":2007133372,"senderChainKey":{"iteration":1,"seed":"uunj3Hpn0VDMt6ztxxiIy4mdkrAV9wzekDITNSVu+Aw="},"senderSigningKey":{"public":"BT8MY5jFK+AjwIuXEYZ2qmxw1XiOI8Hk8QmOneoQ7MVu"}}]