{"_sessions":{"BR9WDP59X0H0MFd89Vf74ZEZb3s9l0IPdvp7LzdrekhX":{"registrationId":1621751147,"currentRatchet":{"ephemeralKeyPair":{"pubKey":"BWcU7tL0fgoA++C73ZjJ2nC4DDUQYIYEpNt2CFdh4+sv","privKey":"GASnoV1MI3QzRjxyUFH1Twmuo5lqATCItycnGHE1Rl0="},"lastRemoteEphemeralKey":"BSDwB5wj6dDZfvd2JbHXvUL83MBCKOIZQmvyyCoX/wpC","previousCounter":2,"rootKey":"hGR47Cj/Imejbc3MWuq2VyOL2MnDX/UaCsOwKtCrZRA="},"indexInfo":{"baseKey":"BR9WDP59X0H0MFd89Vf74ZEZb3s9l0IPdvp7LzdrekhX","baseKeyType":2,"closed":-1,"used":1710108903761,"created":1709997330715,"remoteIdentityKey":"Bd6BhmPv8bj/fbjTXjo/Jo6slDCbVNEYfiKbFXZ8O7Eu"},"_chains":{"BcpdgwLa+FE6oqKbwuhMC7fdHShyb14tMmfzTeQhsPtH":{"chainKey":{"counter":5},"chainType":2,"messageKeys":{}},"BQnnXS3vklmOJlZ5c4amRpxzANXDqsmpxX2qZkgs278F":{"chainKey":{"counter":2},"chainType":2,"messageKeys":{}},"BdqLtUHLDwCu/XdAReOX2KDqlEpob9jaht/+zB8ZQYRA":{"chainKey":{"counter":0},"chainType":2,"messageKeys":{}},"BU15zio1mEw6W9XkJM2drHlFhzB7I2S0aF8u1H4pZpQh":{"chainKey":{"counter":0},"chainType":2,"messageKeys":{}},"BdUB3OIrXY0W6yR9oZ07zfRcMmE98/8JjtAnFH29VzJI":{"chainKey":{"counter":0},"chainType":2,"messageKeys":{}},"BTodhfF72gktdrvvh2tZSMF/GnBni3bu41j//e4xS9UO":{"chainKey":{"counter":0},"chainType":2,"messageKeys":{}},"BYHppkgIeWkhoLffW+STNYhG7Bip5kbf0f/dML+gEEUt":{"chainKey":{"counter":0},"chainType":2,"messageKeys":{}},"BZTaSLmXuC2I8TvRhcvQ8FE3OVApbc3SrpPP+pvzut0I":{"chainKey":{"counter":1},"chainType":2,"messageKeys":{}},"BXfLF7/RP0Y6YID7wparzK9Eu7VoNwiJsy7gqIUh6/Qy":{"chainKey":{"counter":0},"chainType":2,"messageKeys":{}},"BWwz7vWl23h/VK5m1MygQO773NINVdA8j15iLKHNeo0B":{"chainKey":{"counter":0},"chainType":2,"messageKeys":{}},"BW4fye2TESHgr8lh2h2QFXm+kVor76TEKJ7kRHpW5wdO":{"chainKey":{"counter":0},"chainType":2,"messageKeys":{}},"BW9pf1Xxo9KQpN9LB9i22MiE35jTdIP/jvDERWjbKTF3":{"chainKey":{"counter":0},"chainType":2,"messageKeys":{}},"Bc/mO+DbQV/ZwV/GlWniEjAXBkOVH4UcECAJYctD7JdQ":{"chainKey":{"counter":0},"chainType":2,"messageKeys":{}},"BcbN4gmsR+UcVmjDEKlwd9dt0mAwYdIFhcWW9chb+Gwl":{"chainKey":{"counter":0},"chainType":2,"messageKeys":{}},"BScBCqKWeNtwt+QmhWnwA22uMgWoUj3sULn7t+dSFmEn":{"chainKey":{"counter":0},"chainType":2,"messageKeys":{}},"BZi/fN7wiKwaQxpgndSFjQrAHss/hDPn7WmP5Da51IEv":{"chainKey":{"counter":0},"chainType":2,"messageKeys":{}},"BUty8+RPxTGYcxF1ta/8vTmisx/1er7EbhkhMF3ATUQO":{"chainKey":{"counter":0},"chainType":2,"messageKeys":{}},"BVbO9/xoLoqhEDo8ydkqdJNjg5tkrkr2PUxjEFn9LiYM":{"chainKey":{"counter":1},"chainType":2,"messageKeys":{}},"Bf1fxTcCD4BW5AryHtYqlBNzWmJjqmN9PrAW6JoNZ4Ii":{"chainKey":{"counter":3},"chainType":2,"messageKeys":{"3":"YkP0kk9kYRU1PjdZco0Xi8wY6YU9zfy43soW9YFw5V0="}},"BVoHklPAA77e/48NxtAe4KKv5oR47tcR8aNBfg7rsOYD":{"chainKey":{"counter":0},"chainType":2,"messageKeys":{}},"BRajrmVRZqrCcbz7+9c5HZUQzbMbZH5TI8j6ZdxBUV4x":{"chainKey":{"counter":0},"chainType":2,"messageKeys":{}},"BSGAen16qiIalkYWHiFlUU20X2EGV3B8RcZVDrlppZ10":{"chainKey":{"counter":0},"chainType":2,"messageKeys":{}},"BQTv8otB6Zhb421uJTioulLiKgvWf9RIdrNJksprYgYj":{"chainKey":{"counter":0},"chainType":2,"messageKeys":{}},"BbcK91hy1jC15YPmRZeQyucEbtWww2lBhPtArm4kjZ8m":{"chainKey":{"counter":0},"chainType":2,"messageKeys":{}},"BetmlctFc+HCeVa6bDXPheTcelk0jXPH2JWwzndxeK9v":{"chainKey":{"counter":1},"chainType":2,"messageKeys":{}},"Bdd9ij8ug7D+358MUb9rmyzjHIA1vzupdwgQOwhDGhYM":{"chainKey":{"counter":0},"chainType":2,"messageKeys":{}},"BZRdjuUYMBulY35DEm4IILbAAnnMgj193gblPJFRJTAX":{"chainKey":{"counter":0},"chainType":2,"messageKeys":{}},"Ba5ccTdzKmnWqDXgUMFX3Fn0Y/GMBzU8QGnuiGToG/lL":{"chainKey":{"counter":0},"chainType":2,"messageKeys":{}},"BXpE1jOprjDzTru4MiK3ps/CX69ymbioksKfJY6rdYhd":{"chainKey":{"counter":0},"chainType":2,"messageKeys":{}},"BS8AxhC56mO+xjX+xKLHvx88tYbVidOKfrNTi9vRLHMF":{"chainKey":{"counter":1},"chainType":2,"messageKeys":{}},"BRp0/j4tB7n4BXYgd28J/zEg3h6SfCjwyV1k3zDj8YAF":{"chainKey":{"counter":0},"chainType":2,"messageKeys":{}},"BYDxvMDrasZ15TlxZcCsbx40cVLE9cgymEf2f8Yg/Ell":{"chainKey":{"counter":0},"chainType":2,"messageKeys":{}},"BZJVr6l4+xt4iTSIPAK1NvH3uTsxHNGCtogvLzb/emMc":{"chainKey":{"counter":0},"chainType":2,"messageKeys":{}},"BRVi5qKRj5p9WDQOrHUAoGNcTzEJWJBeTzvcswSWhfRu":{"chainKey":{"counter":0},"chainType":2,"messageKeys":{}},"Bew692h7vcQYZzbg2iR1RdDAM1UEpsuLjjC6XpqdQFJL":{"chainKey":{"counter":0},"chainType":2,"messageKeys":{}},"Bfw0fWPG7ewSCVEcKkU04l4hyktQtgDMua7MfMQ2kTc+":{"chainKey":{"counter":1},"chainType":2,"messageKeys":{}},"BYVqlsafZvYGc/CtpxQSTD3MA1IZTsMFW39u79EMZoMY":{"chainKey":{"counter":0},"chainType":2,"messageKeys":{}},"BTPNM7BUajNsUbnuowMOYuZ1dyqwJmsS0B6rEV/dn2R+":{"chainKey":{"counter":0},"chainType":2,"messageKeys":{}},"BfUyXK/QpnxbC/mBIwn6phRbn+caQtQBpu7NUwwIY2kB":{"chainKey":{"counter":0},"chainType":2,"messageKeys":{}},"BXXGbQriw15jaY91FtjRc8SM/21N0QBH8nKJNSdwo4JU":{"chainKey":{"counter":0},"chainType":2,"messageKeys":{}},"BdlvSvzqhH+dBO8UEeIr8XwFhhgB+ebQ7Wzi2Vhb0P9Y":{"chainKey":{"counter":0},"chainType":2,"messageKeys":{}},"BfEelMbUQkNDLyf60E9fV3bkehTnmZnxDWJdbSdOqG11":{"chainKey":{"counter":0},"chainType":2,"messageKeys":{}},"BSYJygVOmvWDvjR+UYa4vb8RR/mGJquQyYU2qKyz49gc":{"chainKey":{"counter":1},"chainType":2,"messageKeys":{}},"BbHUT1YbisGJNQ3snYnLJdGmlbszxreZyGDP28UcV+FN":{"chainKey":{"counter":0},"chainType":2,"messageKeys":{}},"Bfs1qrCDYybB5Y8QN+50s8Oqnd2hLQzVLAPerMAK/Jgs":{"chainKey":{"counter":0},"chainType":2,"messageKeys":{}},"BbwyMf8KJGfhfO2HPPDcQV4O7C840/NraVeQSoqe7WJU":{"chainKey":{"counter":0},"chainType":2,"messageKeys":{}},"BYg5mUXS5MNEdERgiPx8ftj1VaLkZRh40NZ8XYBecMgy":{"chainKey":{"counter":0},"chainType":2,"messageKeys":{}},"BUp/Ie3lWYsIMAhQZNkQ/0WcT4RuyUSqiVfyST5YN69+":{"chainKey":{"counter":0},"chainType":2,"messageKeys":{}},"BZvknr+9MLScy6HWTmqvJO2zJSi81yg6DI6YvQiJKeQD":{"chainKey":{"counter":1},"chainType":2,"messageKeys":{}},"BVDrJ35Sq3oUYHdnacTRcadZHs6Z+wmQhAU+C4PxhnJ+":{"chainKey":{"counter":0},"chainType":2,"messageKeys":{}},"BYmeTu0hsynrkFbrvRJ4yRRKVJrhJdic4/mYHP3ZOxEY":{"chainKey":{"counter":0},"chainType":2,"messageKeys":{}},"BbJT0GFZQHulpkXYgDBlvQx0mTHVmEJOoQ9Vi0o+fPlS":{"chainKey":{"counter":1},"chainType":2,"messageKeys":{}},"BaEVt2XZGWP4eHqBp2PHee0ds/Ig+fTux8TABwJjdfsQ":{"chainKey":{"counter":0},"chainType":2,"messageKeys":{}},"BSQqKe/Wci2iM1UiAl9IXj1zjL5dLqNA7Ao+pJ3oDeEM":{"chainKey":{"counter":0},"chainType":2,"messageKeys":{}},"BYPWWkazcG3urZkxBEWhscphDpYNtpuENlis9R8xmEJH":{"chainKey":{"counter":0},"chainType":2,"messageKeys":{}},"BbHPK30blgZxzcaQ4fP2UdtRgvCY8ov+RUXcw6pGBUR5":{"chainKey":{"counter":0},"chainType":2,"messageKeys":{}},"BZpbSCEgfq4839lEUOc7cNsfvWSQSOctWn2vncGZTGRQ":{"chainKey":{"counter":1},"chainType":2,"messageKeys":{}},"BeXPdnUw0Z3Rk/46UCvdDa24xZk7oTNcOwKb8tFKhMQN":{"chainKey":{"counter":0},"chainType":2,"messageKeys":{}},"BdqHnkhA4h0rj+BpTuyJb5XeyoMBh0/EHBUXbiFXJHNh":{"chainKey":{"counter":0},"chainType":2,"messageKeys":{}},"BYbBthtA0x8hNSSQS+ZcfCR2uk9d1FYo/7QtZ6obTzt0":{"chainKey":{"counter":0},"chainType":2,"messageKeys":{}},"BY6+DI40EnNRXEJSRdTEi2Uo7wmwHmjYnVAd1wdaanVm":{"chainKey":{"counter":0},"chainType":2,"messageKeys":{}},"BXsDbnhskSdh0AdSht5gif+rEMS8K8JfaqjRrKjXcaNn":{"chainKey":{"counter":0},"chainType":2,"messageKeys":{}},"BV2L44xhcYMyeZaX+35+zQUCCg5amxgLSIPe80PfMCME":{"chainKey":{"counter":1},"chainType":2,"messageKeys":{}},"BWnLAG/M3OT8/EMMZ8VTddH6PoYcizqapZ4gCCtQvSF4":{"chainKey":{"counter":1},"chainType":2,"messageKeys":{}},"BcuECLcrwficiWRbfwskPecJU3Ey/pDtJj5/VpeNEFYF":{"chainKey":{"counter":0},"chainType":2,"messageKeys":{}},"BTUBgq+8s8kA/DCb9TXOYyHCOQYIPhW/PdLmDXVkY9wL":{"chainKey":{"counter":0},"chainType":2,"messageKeys":{}},"BZDE6PCys6A+CnjBoc6Y08NgddZf6Qqn33D5ux8T02p+":{"chainKey":{"counter":0},"chainType":2,"messageKeys":{}},"Bd5QZBQrkg7QXkHIz5lK7TGNcohgO3jDRl+IBDOTujFF":{"chainKey":{"counter":0},"chainType":2,"messageKeys":{}},"BQtxxykuDhq2KrO+fXD8GJ8eCmZ1kBFYn9sGI+zffesJ":{"chainKey":{"counter":0},"chainType":2,"messageKeys":{}},"BRdQMcLOFQt9kZlNArsUONby6icMjoEXiLGU+iwlkXgd":{"chainKey":{"counter":1},"chainType":2,"messageKeys":{}},"BYFiUoxR/Kv42Ve4JtjA8ai785MO240uARQAffStFnFz":{"chainKey":{"counter":1},"chainType":2,"messageKeys":{}},"BZvktA6ItyFa4dVIU0cS7C5voNQaTyHvJE0Ui2zNqlFP":{"chainKey":{"counter":0},"chainType":2,"messageKeys":{}},"BRC6d9wbzMsP9YV6Op+3NeBP2n57ibwGI+Rgm9mfewFe":{"chainKey":{"counter":2},"chainType":2,"messageKeys":{"0":"rhXYhq+CK7uLYA+U8Z3nGW2+8N43aHJt7VtPdvuiwGQ="}},"Be44qP6LnISk4GDLk0Ezmla2VDe6CJEXFEsxizdDdhxi":{"chainKey":{"counter":0},"chainType":2,"messageKeys":{}},"BXhUCsoydPz8/zQXtbBhkzz9Ts8ZQwEarg1FTx6ADGVd":{"chainKey":{"counter":1},"chainType":2,"messageKeys":{}},"BWV+p+4duBCj7QTUP/gA5ccC1j99ebJeMIQBq7W+QBZk":{"chainKey":{"counter":0},"chainType":2,"messageKeys":{}},"BU8Shnfcz8rOIz3/FX/zFOUDwEoRD0MXhG5yaw+HMGtQ":{"chainKey":{"counter":0},"chainType":2,"messageKeys":{}},"BXokSSvstW4iPrAkwJbtjz02aUiKwmbxfSa+LyNny6Yn":{"chainKey":{"counter":0},"chainType":2,"messageKeys":{}},"BektbKyO1vqi/sdBaNKhTTnB1k3G+exZrxSO2yMg2SVE":{"chainKey":{"counter":0},"chainType":2,"messageKeys":{}},"BT9Ki/rqvp+soXvzdK4sFJi5x98z8jq4/+r2VJZ/0RR9":{"chainKey":{"counter":0},"chainType":2,"messageKeys":{}},"BTjrYLTFLLMRTxsz9/LJvKeUrdMFxJ0BwG2Cu5EtLcAh":{"chainKey":{"counter":0},"chainType":2,"messageKeys":{}},"BaNp8stdeoi6FUtBYHaUWHrdn/AIVEZFfDpUZ80tSeIJ":{"chainKey":{"counter":1},"chainType":2,"messageKeys":{"0":"XO3914nEhyAWUZ+wkh2dyabF58OFJyRXKXJUENH3+Kk="}},"BUvhEDnSCcICyAuyPiuGm//E7a3PdAP4Kl7NoEawDFRG":{"chainKey":{"counter":0},"chainType":2,"messageKeys":{}},"Bcmhg0/ImBcmT96CGHp+cZ5MJuk5Ir9ckvMBJyRIlK8v":{"chainKey":{"counter":0},"chainType":2,"messageKeys":{}},"Bd49EZPvH9nliy3mEQBqqynnYorMEtoD00MnUJyHcvoo":{"chainKey":{"counter":1},"chainType":2,"messageKeys":{}},"BRPx1tuc6o0fk8k8jQTKzyBoK3PCCXOwNzVvfFLbpqI8":{"chainKey":{"counter":0},"chainType":2,"messageKeys":{}},"BbyaL22FYf881ZrgfQtLUMzug32Zhy+7SrlW2gvJ4OBs":{"chainKey":{"counter":0},"chainType":2,"messageKeys":{}},"BcPjANF8lEDkAg57t1VN9dTdKBhe7OLcIpTgoRWXIuUk":{"chainKey":{"counter":0},"chainType":2,"messageKeys":{}},"Bf2EzxFzhSCROKpedU838aoNuqLxflPUbqeMfw169bVw":{"chainKey":{"counter":0},"chainType":2,"messageKeys":{}},"BQ6XG7hJBeR3WJMj9cnhqSMS0tc9jt88d7IIE9dmWWVM":{"chainKey":{"counter":0},"chainType":2,"messageKeys":{}},"BUQ/QQkJYLdk7H9x507oD0Ghl/60CIo7KrPD3xAL1bYB":{"chainKey":{"counter":0},"chainType":2,"messageKeys":{}},"BbNbDC/dP6C9xKNlVhJSPbZvRM2cvwZCYSUMDRgIhs48":{"chainKey":{"counter":1},"chainType":2,"messageKeys":{}},"BZASGTyLY92w6R875P/WjdwX3NdIOM6y8woSQOBUNbl0":{"chainKey":{"counter":0},"chainType":2,"messageKeys":{}},"BaHNwsAifYknCtzHZZC272C8E6/m46F/agbh0xk/iDdj":{"chainKey":{"counter":0},"chainType":2,"messageKeys":{}},"BdQf5y6aAxiLbyzPMwYrAtbW8FFsRBBWgv6skkC3lkRA":{"chainKey":{"counter":2},"chainType":2,"messageKeys":{}},"BYe0pq/hfPqHy+bSKrs0U6lpwIwSkgkk1vvDYpOK7Jgr":{"chainKey":{"counter":0},"chainType":2,"messageKeys":{}},"BSDwB5wj6dDZfvd2JbHXvUL83MBCKOIZQmvyyCoX/wpC":{"chainKey":{"counter":0,"key":"MdLnO8cDcdV15RjTR+e22xfegHp2OgZFOsImItUyTho="},"chainType":2,"messageKeys":{}},"BWcU7tL0fgoA++C73ZjJ2nC4DDUQYIYEpNt2CFdh4+sv":{"chainKey":{"counter":1,"key":"61HJPPs5cFcGE+Z5qDym3WjfQBH4Z6QD9hQHTrkmFjQ="},"chainType":1,"messageKeys":{}}}}},"version":"v1"}