{"_sessions":{"BYQNlY6v1dxHou7AR2epWj6swiSZJo9NMBKBJbD1AKVA":{"registrationId":75,"currentRatchet":{"ephemeralKeyPair":{"pubKey":"BdQDgm3kWwO0T0SzGErHPnVFwJy29Iufbs3/dquYczlN","privKey":"SAfV6bXAwzsILsAZOZNga/qK2EPT/XPJWJVGhd9ekkk="},"lastRemoteEphemeralKey":"BQ2CWENLAyNayVGte7ZH8AwojyGpCUhCRRBaXADQO8BC","previousCounter":0,"rootKey":"8vyJBsv6bND+P87wFLNtVMwjnjtpEYfJH6BlAPur8Ys="},"indexInfo":{"baseKey":"BYQNlY6v1dxHou7AR2epWj6swiSZJo9NMBKBJbD1AKVA","baseKeyType":1,"closed":-1,"used":1709998135482,"created":1709998135482,"remoteIdentityKey":"BT5BJeqOZoyTpnL0TI50yry67LOquBsSGHf7CSW/pOV+"},"_chains":{"BdQDgm3kWwO0T0SzGErHPnVFwJy29Iufbs3/dquYczlN":{"chainKey":{"counter":255,"key":"8pIYTyHB8h71I2sofL+iw0kou6jTp4LS0k9PXFjyz30="},"chainType":1,"messageKeys":{}}},"pendingPreKey":{"signedKeyId":1,"baseKey":"BYQNlY6v1dxHou7AR2epWj6swiSZJo9NMBKBJbD1AKVA","preKeyId":52}}},"version":"v1"}