{"_sessions":{"BYBjl52A4B492Q61MNKqjp9Mq11zkAtV8JYrEIYIVFto":{"registrationId":1617588047,"currentRatchet":{"ephemeralKeyPair":{"pubKey":"Basu2dgjbXDPA05OjtvrUe2TXUXcnNg9RYdJ0sryR7p9","privKey":"0GcDO52kUBzsvL/IgeTZS+kE6z65rFNxVP6awCz+hWI="},"lastRemoteEphemeralKey":"BW+k4qyiKxJllguHx3yJFiTtBl0xUlbDeGuo7nqe8r5E","previousCounter":0,"rootKey":"pYOjoOSbuCqVHCCEGbZTAxaThEMvPk/V3SJSdPzhwAs="},"indexInfo":{"baseKey":"BYBjl52A4B492Q61MNKqjp9Mq11zkAtV8JYrEIYIVFto","baseKeyType":1,"closed":-1,"used":1710003611275,"created":1710003611275,"remoteIdentityKey":"BT5HrdX1vp67ZNQBEqXw8fDyjCCiwIo/GY0dkpM3rKMe"},"_chains":{"Basu2dgjbXDPA05OjtvrUe2TXUXcnNg9RYdJ0sryR7p9":{"chainKey":{"counter":0,"key":"07JMHa0hUu3s7AhTuN0yXEJ8n27036mvNw7gJEODjDY="},"chainType":1,"messageKeys":{}}},"pendingPreKey":{"signedKeyId":9,"baseKey":"BYBjl52A4B492Q61MNKqjp9Mq11zkAtV8JYrEIYIVFto","preKeyId":5933347}}},"version":"v1"}