{"_sessions":{"Bb6eyBhdQt7gvaCFEVwuRIP6oUVn1PbmPd10fQHhuDhL":{"registrationId":1250139514,"currentRatchet":{"ephemeralKeyPair":{"pubKey":"BXZ1/3sDu8zHnhP6ThUhlMDsgNLTlR2MruddJeHFyBYu","privKey":"MNjl69CVQ2/oHkM6QbcwsyeXezveBfXhV9N1yGNk+kM="},"lastRemoteEphemeralKey":"BQkpJgYZlzRILuBpzidiyUlJIyvc09dmqZi3jCD1mjQR","previousCounter":9,"rootKey":"Jk4mTy2OzVGcy/vxHH289ZYdoIsh4BBltUsV/cwaBwE="},"indexInfo":{"baseKey":"Bb6eyBhdQt7gvaCFEVwuRIP6oUVn1PbmPd10fQHhuDhL","baseKeyType":2,"closed":-1,"used":1710003613924,"created":1709997237148,"remoteIdentityKey":"BRhcc4ZJvFbDVXKlkvIksrrbwjR6raZrjZfaBrHLLxwp"},"_chains":{"BeXnDqm5xgCCokYTGvY7hH2bi5F5JUwq09W2M6xUwwgK":{"chainKey":{"counter":10},"chainType":2,"messageKeys":{"8":"X5UFZVf3m/eTE+HpKSXqOXq7owS0axh6Gam85mHUDAw="}},"BWWGPjVMDjDGZvHRQIV6aZdeWipQpPe60aFK/9xW4ZZo":{"chainKey":{"counter":3},"chainType":2,"messageKeys":{}},"BVhEMT5Y3l0Vo8duESqd3s8zCn7UOOptcMGJ1poKVJsp":{"chainKey":{"counter":0},"chainType":2,"messageKeys":{}},"BcY2HxRf+j23VYsBGU1wZ7VVXjkPAAlDB99y9FGQclNm":{"chainKey":{"counter":5},"chainType":2,"messageKeys":{}},"BaQ2LRGX4ZyK46p40xQch9aNgMUzJg9OOakBXOduVV5G":{"chainKey":{"counter":0},"chainType":2,"messageKeys":{}},"BcCSs+3MYQzAwjf33fFU/VmmYqpmMnBL/JQMviHMk0xu":{"chainKey":{"counter":6},"chainType":2,"messageKeys":{}},"BcZ3+u4SJHEKb9Lga7JOWU/PC9fmJl1RnmC5j1HR2tQm":{"chainKey":{"counter":2},"chainType":2,"messageKeys":{}},"BVVtFJPIiUtrkIZF+Uw9MpxeH3fdzArZ2jBk4/7hmOh5":{"chainKey":{"counter":4},"chainType":2,"messageKeys":{}},"BQkpJgYZlzRILuBpzidiyUlJIyvc09dmqZi3jCD1mjQR":{"chainKey":{"counter":4,"key":"xVIDKPv50kESKRXYRnMpoUfIXvYUfhz3RwG+0sG2T+A="},"chainType":2,"messageKeys":{"0":"kg3Sk1EbzGMiOJHHbpT5vlgllk/zm5AthH/Bmuqb+Vw="}},"BXZ1/3sDu8zHnhP6ThUhlMDsgNLTlR2MruddJeHFyBYu":{"chainKey":{"counter":173,"key":"oX6bL7oQCc9mnf0bSkZ/RJt26SfegwHtUy4l8LMrXNA="},"chainType":1,"messageKeys":{}}}}},"version":"v1"}