{"_sessions":{"BRmxEPWOFg66+S8iAqGmX/9gKD4eHku4wQ2BtoV0geJG":{"registrationId":2919,"currentRatchet":{"ephemeralKeyPair":{"pubKey":"BSS+3PMHkwEywaTAIygMaVjRkGYuouj0+Lw3NJ/2Oecb","privKey":"GFSeOvH0js9quwgJhNPHvfocGN9dqfBiTkwAxaHUsWI="},"lastRemoteEphemeralKey":"BcK+xs88kZdusBQg32ylB+HBHmLgngXXhw0b6mklwHw/","previousCounter":0,"rootKey":"EHjoPgNifA4ZqXXi0xEr4QnNOVGB+d6HT1ddlz3VSHE="},"indexInfo":{"baseKey":"BRmxEPWOFg66+S8iAqGmX/9gKD4eHku4wQ2BtoV0geJG","baseKeyType":2,"closed":-1,"used":1710079682707,"created":1710079458991,"remoteIdentityKey":"BRTsiDsuJ8gT1MGAV+vuVu9Baydx+tPxXCSxPjorAAQn"},"_chains":{"BS5CV4FnG+nGZTRNf23GDc2Wf36T49Gw53Ran0lpkJNa":{"chainKey":{"counter":0},"chainType":2,"messageKeys":{}},"BVl8oi82NUQJ3JX86bdUiHgwEr3oLsaCmXso63YaI8Ih":{"chainKey":{"counter":0},"chainType":2,"messageKeys":{}},"BafEu1U1RFncqd7WkpdifPvoluAclT+7cDKeDFfOh3MI":{"chainKey":{"counter":0},"chainType":2,"messageKeys":{}},"BZOMORbpqwfG4BM8CZxuTvUtPgnQDcDEgI/NtR+lUYds":{"chainKey":{"counter":0},"chainType":2,"messageKeys":{}},"BcK+xs88kZdusBQg32ylB+HBHmLgngXXhw0b6mklwHw/":{"chainKey":{"counter":0,"key":"QLQyfpeNQrfPmNgwaqvZSo5Ld9D7zZE/5m4Umvn7AJY="},"chainType":2,"messageKeys":{}},"BSS+3PMHkwEywaTAIygMaVjRkGYuouj0+Lw3NJ/2Oecb":{"chainKey":{"counter":4,"key":"hrNt0/gJg5hOUA6NcDp5zJ7M3Grug21DNydPfy00cOs="},"chainType":1,"messageKeys":{}}}}},"version":"v1"}