{"_sessions":{"BepofpKq5qHh31ejm8fGuzQ9J595semT4Dw8dmO9tPYo":{"registrationId":1395373251,"currentRatchet":{"ephemeralKeyPair":{"pubKey":"BSb6Kw3mhCMkjs0BxxLE/TJmRqnUqh9nbA0thOZqWqdZ","privKey":"WEmYwEFUZf+lbSdsJnA/qpVROcw9SkC6DvbLxP2jo20="},"lastRemoteEphemeralKey":"BbLXMw+t1tKDA9QWTHZ7b4uyxjLBX/PfZ49g16c+bJF4","previousCounter":0,"rootKey":"ZpEZRBhjxha6fDgh3lQC465zdXqJGDjZe36wCYCT6gM="},"indexInfo":{"baseKey":"BepofpKq5qHh31ejm8fGuzQ9J595semT4Dw8dmO9tPYo","baseKeyType":2,"closed":-1,"used":1710108922995,"created":1709998165339,"remoteIdentityKey":"BcKC9sLCkAK5l99+CtIhFTbD8OKTy1UDTSefxMv8HNtT"},"_chains":{"BUFsZytIQI5WnOnRTQ+hdxHV6Monl9NWX0YH7K/Wt9QC":{"chainKey":{"counter":8},"chainType":2,"messageKeys":{}},"BVhvaw1uJZ5V7RxV9jFuHBOEzSB0hve7ajsMmAcleBgN":{"chainKey":{"counter":1},"chainType":2,"messageKeys":{}},"BXo6wBKCHC/3LtnQAxV0hSZTUyTqhrlG+ksruuh20GUu":{"chainKey":{"counter":0},"chainType":2,"messageKeys":{}},"BTWUIaQZnSAxUDxVDpiqGieN88A0+S3I62jA9nD+TOlS":{"chainKey":{"counter":0},"chainType":2,"messageKeys":{}},"BU5cdqX2ZHPAigohcQepJ1fmKJCgsAHt69M4grzZ0TgG":{"chainKey":{"counter":0},"chainType":2,"messageKeys":{}},"BZdGdEq3tQOW+87TvxBAgtSpDjHiLm0ncCRhADDmmK5t":{"chainKey":{"counter":0},"chainType":2,"messageKeys":{}},"BVgFaAhjpmDPALb/927CLftrQzp/00/BtjvtOlwj/hds":{"chainKey":{"counter":2},"chainType":2,"messageKeys":{}},"BecJglAln3wTI782hHZ7CIWv+nIzaQkHGKqxYI6xhBh5":{"chainKey":{"counter":0},"chainType":2,"messageKeys":{}},"BRWUGKUB/KoR+nL5lSUa1LkNczqZken+CcglrRhCRKU/":{"chainKey":{"counter":2},"chainType":2,"messageKeys":{}},"BZibmM4/U7K3Hck8e8QEs2ck+/kkEYbGdaJWrPxgRC5/":{"chainKey":{"counter":13},"chainType":2,"messageKeys":{}},"BeqNruew3oCc9QMO/QIhX5TuTm0ZQ/6zV9c7MFSCdxUQ":{"chainKey":{"counter":0},"chainType":2,"messageKeys":{}},"BQZeU8CA2D1JpMbGtLFpKQnUUJCUOoAc/GJBpFtZddko":{"chainKey":{"counter":0},"chainType":2,"messageKeys":{}},"BbnGRk1ste7CipOMbRCcYW4rmZ2LPO0F7vjraLPlQDU8":{"chainKey":{"counter":0},"chainType":2,"messageKeys":{}},"Be49w7Ek248CS/ZkJnmbTaNCY6VLbNieL6jGcRjubVBe":{"chainKey":{"counter":0},"chainType":2,"messageKeys":{}},"BV+BWRbqSvzm/VYsWAMJnV69xS7tDXP1ONzESmn3es15":{"chainKey":{"counter":0},"chainType":2,"messageKeys":{}},"BVjn9n7hx0MSj4tQnd3hwlMbJGJbvzqtTSDXIL/+AvJP":{"chainKey":{"counter":0},"chainType":2,"messageKeys":{}},"BW+A8yM4sctPHDkcdZO2WYB1hw7r1j/9gN7s1CdlVfcW":{"chainKey":{"counter":3},"chainType":2,"messageKeys":{"1":"j38krQusXV3gjgBXa87fGAhHYaMbm2dlegnYBAA3opg="}},"BfM+DWZCm8w/VfcUfi21/Ycz2tajKcmdXmOoUfqjkzYz":{"chainKey":{"counter":0},"chainType":2,"messageKeys":{}},"BTH66m7WCngNGqUGeneJMyA9Nr3eXWxa5oB3S4JwfLNO":{"chainKey":{"counter":22},"chainType":2,"messageKeys":{}},"Bb/wkMt1qhTsuhLE3eYb5FEhuIgNHtjWTUI7Pgka0QwR":{"chainKey":{"counter":0},"chainType":2,"messageKeys":{}},"BdxjMQtgcGJArdt5jRRvhT0f76TXQOzMK5jgSU3zI0lp":{"chainKey":{"counter":0},"chainType":2,"messageKeys":{}},"BXpgd9TGy1HKm7k5jzZFfBHu83+u5kGG3oBtmmQMlBs5":{"chainKey":{"counter":0},"chainType":2,"messageKeys":{}},"BcuX0pWPYJ60nu3NpoCAZvBeOyHbQ3hnRAUw6m8rh0cU":{"chainKey":{"counter":0},"chainType":2,"messageKeys":{}},"BbszWbBR5MPhSq+kpUOzpCMXmJicq2+Sd/ewKoEXC4Ml":{"chainKey":{"counter":0},"chainType":2,"messageKeys":{}},"BaFRsqXbXUHNk4sc0LydOHoBiD/cRHiBRPyvVxgRH1NK":{"chainKey":{"counter":0},"chainType":2,"messageKeys":{}},"Bcmb9p8EvU7RlGaL2yMzlbsfXttYSN4DGybVsftQQU5K":{"chainKey":{"counter":2},"chainType":2,"messageKeys":{}},"BSGu5iiooKvsHO9iy5NByaVw3ss4+qKPSm7uIKxojhdX":{"chainKey":{"counter":1},"chainType":2,"messageKeys":{}},"BbComqi0PtxtJXQgLLgYzzmctdR/XdwK6VUFskTuK9IZ":{"chainKey":{"counter":1},"chainType":2,"messageKeys":{"0":"zuWFCchBvA8mFJhcM5ClOHktxzDi94gWtbJStG2tZvQ="}},"Bet5J9pFGLiEpa2U0QvAyh2hySRE7mNz8Cd8rgqtTjgq":{"chainKey":{"counter":0},"chainType":2,"messageKeys":{}},"BV56KBrrcwu6zJ8B0txo0+SqZ7YejN4fgdDfbF3+IusF":{"chainKey":{"counter":0},"chainType":2,"messageKeys":{}},"BXpkHpq1cpFJjZkpsG1t5JlDxuS5JGqVW0T2kBdiE94d":{"chainKey":{"counter":0},"chainType":2,"messageKeys":{}},"BWJ5AbnHXegXxe/CWLEoTS4DrnO1qxa3/B0mfd9e94BT":{"chainKey":{"counter":0},"chainType":2,"messageKeys":{}},"BZLB1bGU/oC2ug+GQdOuz13ezQfGI8auZGjz1K125M5p":{"chainKey":{"counter":0},"chainType":2,"messageKeys":{}},"BaG0uoI2MgbamHLWwnpo/fz3/YPG2ozfJ7vT0NyZJYYf":{"chainKey":{"counter":0},"chainType":2,"messageKeys":{}},"BUaG9AwEjnE1V0r0U+6oHghj7HrpSeL2OJOVNRkVfkVW":{"chainKey":{"counter":0},"chainType":2,"messageKeys":{}},"BTDS2nezrRBuGCPYtv2VMLkOZhpv3ySarNfzPfZOE/RL":{"chainKey":{"counter":0},"chainType":2,"messageKeys":{}},"BQMhbs3gSae2tIXRnkQHqiw625Ym0203sWGIv2tag4xe":{"chainKey":{"counter":0},"chainType":2,"messageKeys":{}},"BfQBvq92ZMLrnfx/8wGVj3M9mttVUxukRAa7D1ILSDdX":{"chainKey":{"counter":0},"chainType":2,"messageKeys":{}},"BeNRY03q4GPomB6oIl31LGCUa6bfkOlVCwxN600FptZG":{"chainKey":{"counter":0},"chainType":2,"messageKeys":{}},"BbLXMw+t1tKDA9QWTHZ7b4uyxjLBX/PfZ49g16c+bJF4":{"chainKey":{"counter":3,"key":"NVRFi2e6eA/59LruJYHTCst50+7Go2t782SqFLSxH98="},"chainType":2,"messageKeys":{}},"BSb6Kw3mhCMkjs0BxxLE/TJmRqnUqh9nbA0thOZqWqdZ":{"chainKey":{"counter":-1,"key":"3pnxv+MiE0npWMiRbdG2019CvDW+bBaAOCxv8t2GnH0="},"chainType":1,"messageKeys":{}}}}},"version":"v1"}