{"_sessions":{"BUI1j0Q5Hd8dpneRraYRz+ue9hDkfz1b7re5auHZmhNY":{"registrationId":261727215,"currentRatchet":{"ephemeralKeyPair":{"pubKey":"Be5iSCyvtA/TnxakeG6ckjXnf9FGmv7Wi6vXsvWtUOgw","privKey":"wPeBJhHjAhN3QvspJm7QNgSUWWLxw0M9EPpZBOIgHmY="},"lastRemoteEphemeralKey":"BaqhpIc7WtqNt2WnfH+Vf/UAhWAFnBxIEeaSIETEaAFJ","previousCounter":0,"rootKey":"JlwB38cNyippOkFvswEDUvnfeVm2RB7GxUmeRaF9vzA="},"indexInfo":{"baseKey":"BUI1j0Q5Hd8dpneRraYRz+ue9hDkfz1b7re5auHZmhNY","baseKeyType":1,"closed":-1,"used":1710079460397,"created":1710079460397,"remoteIdentityKey":"BYkDpyeZMRaHeMXOqQTXJPsHHqIeDDF6WhOGfmzr+nsB"},"_chains":{"Be5iSCyvtA/TnxakeG6ckjXnf9FGmv7Wi6vXsvWtUOgw":{"chainKey":{"counter":10,"key":"7XzUM7XgLESoLsIfguSzB6s0Bim9fqZ2hUJ+6Eg+G4I="},"chainType":1,"messageKeys":{}}},"pendingPreKey":{"signedKeyId":2,"baseKey":"BUI1j0Q5Hd8dpneRraYRz+ue9hDkfz1b7re5auHZmhNY","preKeyId":16696080}}},"version":"v1"}